"","speed_bin_1","speed_bin_2","speed_bin_3","speed_bin_4","speed_bin_5","speed_bin_6","speed_bin_7","speed_bin_8"
"accel_bin_1",0,0.048381289,0,0,0.030508941,0,0,-0.44244944
"accel_bin_2",-0.002144194,0,0,0,0,0,0,0
"accel_bin_3",0.002218822,-0.019687126,0,0,0,0,-0.092870168,0
"accel_bin_4",0,0,0,0,-0.00880332,0,0,0.032103231
"accel_bin_5",-0.000361878,0,0.010819292,0,0,0,0,0
"accel_bin_6",-0.01967218,0.026295483,0,0.082542928,0.12998477,0,0,0.09010955
"accel_bin_7",0,0,0,0,0,0,0,0
"accel_bin_8",0,0,-0.164729486,-0.22308938,0,0.006284996,0.697696821,0
